<?xml version="1.0"?>
<csp_whitelist xmlns:xsi="http://www.w3.org/2001/XMLSchema-instance" xsi:noNamespaceSchemaLocation="urn:magento:module:Magento_Csp/etc/csp_whitelist.xsd">
    <policies>
        <policy id="script-src">
            <values>
                <value id="stripe-js" type="host">js.stripe.com</value>
                <value id="stripe-m" type="host">m.stripe.com</value>
                <value id="klarna-cdn" type="host">x.klarnacdn.net</value>
                <value id="klarna-com" type="host">klarna.com</value>
            </values>
        </policy>
        <policy id="connect-src">
            <values>
                <value id="stripe-js" type="host">js.stripe.com</value>
                <value id="stripe-m" type="host">m.stripe.com</value>
                <value id="klarna-cdn" type="host">x.klarnacdn.net</value>
                <value id="klarna-com" type="host">klarna.com</value>
            </values>
        </policy>
        <policy id="frame-src">
            <values>
                <value id="stripe-js" type="host">js.stripe.com</value>
                <value id="stripe-m" type="host">m.stripe.com</value>
                <value id="klarna-cdn" type="host">x.klarnacdn.net</value>
                <value id="klarna-com" type="host">klarna.com</value>
            </values>
        </policy>
    </policies>
</csp_whitelist>
