<?xml version="1.0"?>
<include xmlns:xsi="http://www.w3.org/2001/XMLSchema-instance" xsi:noNamespaceSchemaLocation="urn:magento:module:Magento_Config:etc/system_include.xsd">
  <group id="apms" translate="label" type="text" sortOrder="30" showInDefault="1" showInWebsite="1" showInStore="1">
    <label>Other Payment Methods</label>
    <include path="StripeIntegration_Payments::system/apms/klarna.xml"/>
    <include path="StripeIntegration_Payments::system/apms/bancontact.xml"/>
    <include path="StripeIntegration_Payments::system/apms/eps.xml"/>
    <include path="StripeIntegration_Payments::system/apms/fpx.xml"/>
    <include path="StripeIntegration_Payments::system/apms/giropay.xml"/>
    <include path="StripeIntegration_Payments::system/apms/ideal.xml"/>
    <include path="StripeIntegration_Payments::system/apms/multibanco.xml"/>
    <include path="StripeIntegration_Payments::system/apms/p24.xml"/>
    <include path="StripeIntegration_Payments::system/apms/sofort.xml"/>
  </group>
</include>
