<?xml version="1.0"?>
<include xmlns:xsi="http://www.w3.org/2001/XMLSchema-instance" xsi:noNamespaceSchemaLocation="urn:magento:module:Magento_Config:etc/system_include.xsd">
  <group id="basic" translate="label" type="text" sortOrder="1" showInDefault="1" showInWebsite="1" showInStore="1">
    <label>Basic Settings</label>
    <comment>&lt;p&gt;You will need to set your API keys before you can accept payments. If you do not yet have a Stripe account, please &lt;a href="https://dashboard.stripe.com/register?utm_campaign=comarketing&amp;utm_source=magento&amp;utm_medium=referred" target="_blank"&gt;click here&lt;/a&gt; to register.&lt;/p&gt;

    &lt;p&gt;&lt;a href="https://stripe.com/docs/plugins/magento?utm_campaign=comarketing&amp;utm_source=magento&amp;utm_medium=referred" target="_blank"&gt;Learn more&lt;/a&gt; about configuring this module from Stripe's official Magento Documentation.&lt;/p&gt;

    &lt;p&gt;For additional technical support contact &lt;a href="mailto:magento@stripe.com" target="_blank"&gt;magento@stripe.com&lt;/a&gt;.&lt;/p&gt;</comment>
    <field id="module_version" translate="label" type="text" sortOrder="20" showInDefault="1" showInWebsite="1" showInStore="1">
      <label>Module Version</label>
      <frontend_model>StripeIntegration\Payments\Model\Adminhtml\Source\ModuleVersion</frontend_model>
    </field>
    <field id="stripe_mode" translate="label" type="select" sortOrder="30" showInDefault="1" showInWebsite="1" showInStore="1">
      <label>Mode</label>
      <comment><![CDATA[Set this to live when you are ready to accept payments]]></comment>
      <source_model>StripeIntegration\Payments\Model\Adminhtml\Source\Mode</source_model>
      <config_path>payment/stripe_payments_basic/stripe_mode</config_path>
    </field>
    <field id="stripe_test_sk" translate="label" type="obscure" sortOrder="50" showInDefault="1" showInWebsite="1" showInStore="1">
      <label>Test Secret API Key</label>
      <comment>
        <![CDATA[<a target="_blank" href="https://dashboard.stripe.com/account/apikeys">Your Stripe Account</a> &gt; API Keys &gt; Test Secret Key]]>
      </comment>
      <backend_model>Magento\Config\Model\Config\Backend\Encrypted</backend_model>
      <depends>
        <field id="stripe_mode">test</field>
      </depends>
      <config_path>payment/stripe_payments_basic/stripe_test_sk</config_path>
    </field>
    <field id="stripe_test_pk" translate="label" type="text" sortOrder="40" showInDefault="1" showInWebsite="1" showInStore="1">
      <label>Test Publishable API Key</label>
      <comment>
        <![CDATA[<a target="_blank" href="https://dashboard.stripe.com/account/apikeys">Your Stripe Account</a> &gt; API Keys &gt; Test Publishable Key]]>
      </comment>
      <depends>
        <field id="stripe_mode">test</field>
      </depends>
      <config_path>payment/stripe_payments_basic/stripe_test_pk</config_path>
    </field>
    <field id="stripe_live_sk" translate="label" type="obscure" sortOrder="70" showInDefault="1" showInWebsite="1" showInStore="1">
      <label>Live Secret API Key</label>
      <comment>
        <![CDATA[<a target="_blank" href="https://dashboard.stripe.com/account/apikeys">Your Stripe Account</a> &gt; API Keys &gt; Live Secret Key]]>
      </comment>
      <backend_model>Magento\Config\Model\Config\Backend\Encrypted</backend_model>
      <depends>
        <field id="stripe_mode">live</field>
      </depends>
      <config_path>payment/stripe_payments_basic/stripe_live_sk</config_path>
    </field>
    <field id="stripe_live_pk" translate="label" type="text" sortOrder="60" showInDefault="1" showInWebsite="1" showInStore="1">
      <label>Live Publishable API Key</label>
      <comment>
        <![CDATA[<a target="_blank" href="https://dashboard.stripe.com/account/apikeys">Your Stripe Account</a> &gt; API Keys &gt; Live Publishable Key]]>
      </comment>
      <depends>
        <field id="stripe_mode">live</field>
      </depends>
      <config_path>payment/stripe_payments_basic/stripe_live_pk</config_path>
    </field>
    <field id="stripe_webhooks_configuration" translate="label comment" type="button" sortOrder="70" showInDefault="1" showInWebsite="1" showInStore="1">
      <frontend_model>StripeIntegration\Payments\Model\Adminhtml\Source\WebhookConfiguration</frontend_model>
      <label>Webhooks</label>
    </field>
    <field id="stripe_test_wss" translate="label" type="obscure" sortOrder="80" showInDefault="1" showInWebsite="1" showInStore="1">
      <label>Test Webhooks Signing Secret</label>
      <comment>
        <![CDATA[<a target="_blank" href="https://dashboard.stripe.com/account/webhooks">Your Stripe Account</a> &gt; Webhooks &gt; Click on webhook for this website &gt; Signing Secret]]>
      </comment>
      <depends>
        <field id="stripe_mode">test</field>
      </depends>
      <config_path>payment/stripe_payments_basic/stripe_test_wss</config_path>
    </field>
    <field id="stripe_live_wss" translate="label" type="obscure" sortOrder="80" showInDefault="1" showInWebsite="1" showInStore="1">
      <label>Live Webhooks Signing Secret</label>
      <comment>
        <![CDATA[<a target="_blank" href="https://dashboard.stripe.com/account/webhooks">Your Stripe Account</a> &gt; Webhooks &gt; Click on webhook for this website &gt; Signing Secret]]>
      </comment>
      <depends>
        <field id="stripe_mode">live</field>
      </depends>
      <config_path>payment/stripe_payments_basic/stripe_live_wss</config_path>
    </field>
 </group>
</include>
